symbol,start,end,source,kept,why,start_eff,end_eff
A,2010-01-01,2026-09-22,date_added,True,clamped,2010-01-04,2026-09-21
AA,2010-01-01,2016-10-31,since_window_start,True,clamped,2010-01-04,2016-10-31
AAL,2015-03-23,2024-09-22,events,True,ok,2015-03-23,2024-09-22
AAP,2015-07-08,2023-08-24,events,True,ok,2015-07-08,2023-08-24
AAPL,2010-01-01,2026-09-22,date_added,True,clamped,2010-01-04,2026-09-21
ABBV,2013-01-02,2026-09-22,events,True,clamped,2013-01-02,2026-09-21
ABMD,2018-05-31,2022-12-21,events,False,no_data,2018-05-31,2022-12-21
ABNB,2023-09-18,2026-09-22,events,True,clamped,2023-09-18,2026-09-21
ABT,2010-01-01,2026-09-22,date_added,True,clamped,2010-01-04,2026-09-21
ACE,2010-01-01,2016-01-18,since_window_start,False,no_data,2010-01-01,2016-01-18
ACGL,2022-11-01,2026-09-22,events,True,clamped,2022-11-01,2026-09-21
ACN,2011-07-05,2026-09-22,events,True,clamped,2011-07-05,2026-09-21
ADBE,2010-01-01,2026-09-22,date_added,True,clamped,2010-01-04,2026-09-21
ADI,2010-01-01,2026-09-22,date_added,True,clamped,2010-01-04,2026-09-21
ADM,2010-01-01,2026-09-22,date_added,True,clamped,2010-01-04,2026-09-21
ADP,2010-01-01,2026-09-22,date_added,True,clamped,2010-01-04,2026-09-21
ADS,2013-12-23,2020-06-21,events,False,no_data,2013-12-23,2020-06-21
ADSK,2010-01-01,2026-09-22,date_added,True,clamped,2010-01-04,2026-09-21
ADT,2012-10-01,2016-05-02,events,False,ticker_reuse_or_late_data,2012-10-01,2016-05-02
AEE,2010-01-01,2026-09-22,date_added,True,clamped,2010-01-04,2026-09-21
AEP,2010-01-01,2026-09-22,date_added,True,clamped,2010-01-04,2026-09-21
AES,2010-01-01,2026-09-22,date_added,True,clamped,2010-01-04,2026-09-21
AET,2010-01-01,2018-12-02,since_window_start,False,no_data,2010-01-01,2018-12-02
AFL,2010-01-01,2026-09-22,date_added,True,clamped,2010-01-04,2026-09-21
AGN,2010-01-01,2015-03-22,since_window_start,False,no_data,2010-01-01,2015-03-22
AGN,2010-01-01,2020-05-11,since_window_start,False,no_data,2010-01-01,2020-05-11
AIG,2010-01-01,2026-09-22,date_added,True,clamped,2010-01-04,2026-09-21
AIV,2010-01-01,2020-12-20,since_window_start,True,clamped,2010-01-04,2020-12-20
AIZ,2010-01-01,2026-09-22,date_added,True,clamped,2010-01-04,2026-09-21
AJG,2016-05-31,2026-09-22,events,True,clamped,2016-05-31,2026-09-21
AKAM,2010-01-01,2026-09-22,date_added,True,clamped,2010-01-04,2026-09-21
AKS,2010-01-01,2011-12-15,events,False,no_data,2010-01-01,2011-12-15
ALB,2016-07-01,2026-09-22,events,True,clamped,2016-07-01,2026-09-21
ALGN,2017-06-19,2026-09-22,events,True,clamped,2017-06-19,2026-09-21
ALK,2016-05-13,2023-12-17,events,True,ok,2016-05-13,2023-12-17
ALL,2010-01-01,2026-09-22,date_added,True,clamped,2010-01-04,2026-09-21
ALLE,2013-12-02,2026-09-22,events,True,clamped,2013-12-02,2026-09-21
ALTR,2010-01-01,2015-12-28,since_window_start,False,no_data,2010-01-01,2015-12-28
ALXN,2012-05-21,2021-07-20,events,False,no_data,2012-05-21,2021-07-20
AMAT,2010-01-01,2026-09-22,date_added,True,clamped,2010-01-04,2026-09-21
AMCR,2019-06-11,2026-09-22,events,True,clamped,2019-06-11,2026-09-21
AMD,2010-01-01,2013-09-19,since_window_start,True,clamped,2010-01-04,2013-09-19
AMD,2017-03-20,2026-09-22,events,True,clamped,2017-03-20,2026-09-21
AME,2013-09-20,2026-09-22,events,True,clamped,2013-09-20,2026-09-21
AMG,2014-07-01,2019-12-22,events,True,ok,2014-07-01,2019-12-22
AMGN,2010-01-01,2026-09-22,date_added,True,clamped,2010-01-04,2026-09-21
AMP,2010-01-01,2026-09-22,date_added,True,clamped,2010-01-04,2026-09-21
AMT,2010-01-01,2026-09-22,date_added,True,clamped,2010-01-04,2026-09-21
AMTM,2024-09-30,2024-12-22,events,True,ok,2024-09-30,2024-12-22
AMZN,2010-01-01,2026-09-22,events,True,clamped,2010-01-04,2026-09-21
AN,2010-01-01,2017-08-07,since_window_start,True,clamped,2010-01-04,2017-08-07
ANDV,2010-01-01,2018-09-30,since_window_start,False,no_data,2010-01-01,2018-09-30
ANET,2018-08-28,2026-09-22,events,True,clamped,2018-08-28,2026-09-21
ANF,2010-01-01,2013-12-22,since_window_start,True,clamped,2010-01-04,2013-12-22
ANR,2011-06-01,2012-10-01,events,False,no_data,2011-06-01,2012-10-01
ANSS,2017-06-19,2025-07-17,events,False,no_data,2017-06-19,2025-07-17
AON,2010-01-01,2026-09-22,date_added,True,clamped,2010-01-04,2026-09-21
AOS,2017-07-26,2026-09-22,events,True,clamped,2017-07-26,2026-09-21
APA,2010-01-01,2026-09-22,date_added,True,clamped,2010-01-04,2026-09-21
APC,2010-01-01,2019-08-08,since_window_start,False,no_data,2010-01-01,2019-08-08
APD,2010-01-01,2026-09-22,date_added,True,clamped,2010-01-04,2026-09-21
APH,2010-01-01,2026-09-22,date_added,True,clamped,2010-01-04,2026-09-21
APO,2024-12-23,2026-09-22,events,True,clamped,2024-12-23,2026-09-21
APOL,2010-01-01,2013-06-30,since_window_start,False,no_data,2010-01-01,2013-06-30
APP,2025-09-22,2026-09-22,events,True,clamped,2025-09-22,2026-09-21
APTV,2012-12-24,2026-09-22,date_added,True,clamped,2012-12-24,2026-09-21
ARE,2017-03-20,2026-09-22,events,True,clamped,2017-03-20,2026-09-21
ARES,2025-12-11,2026-09-22,events,True,clamped,2025-12-11,2026-09-21
ARG,2010-01-01,2016-05-22,events,False,no_data,2010-01-01,2016-05-22
ARNC,2016-11-01,2020-03-31,events,False,no_data,2016-11-01,2020-03-31
ATI,2010-01-01,2015-07-01,since_window_start,True,clamped,2010-01-04,2015-07-01
ATO,2019-02-15,2026-09-22,events,True,clamped,2019-02-15,2026-09-21
ATVI,2015-08-28,2023-10-17,events,False,no_data,2015-08-28,2023-10-17
AVB,2010-01-01,2026-08-17,events,False,no_data,2010-01-01,2026-08-17
AVGO,2014-05-08,2026-09-22,events,True,clamped,2014-05-08,2026-09-21
AVP,2010-01-01,2015-03-22,since_window_start,False,no_data,2010-01-01,2015-03-22
AVY,2010-01-01,2026-09-22,date_added,True,clamped,2010-01-04,2026-09-21
AWK,2016-03-04,2026-09-22,events,True,clamped,2016-03-04,2026-09-21
AXON,2023-05-04,2026-09-22,events,True,clamped,2023-05-04,2026-09-21
AXP,2010-01-01,2026-09-22,date_added,True,clamped,2010-01-04,2026-09-21
AYE,2010-01-01,2011-02-24,events,False,no_data,2010-01-01,2011-02-24
AYI,2016-05-03,2018-06-17,events,True,ok,2016-05-03,2018-06-17
AZO,2010-01-01,2026-09-22,date_added,True,clamped,2010-01-04,2026-09-21
BA,2010-01-01,2026-09-22,date_added,True,clamped,2010-01-04,2026-09-21
BAC,2010-01-01,2026-09-22,date_added,True,clamped,2010-01-04,2026-09-21
BALL,2010-01-01,2026-09-22,date_added,True,clamped,2010-01-04,2026-09-21
BAX,2010-01-01,2026-09-22,date_added,True,clamped,2010-01-04,2026-09-21
BBBY,2010-01-01,2017-07-25,since_window_start,False,no_data,2010-01-01,2017-07-25
BBWI,2010-01-01,2024-09-30,since_window_start,True,clamped,2010-01-04,2024-09-30
BBY,2010-01-01,2026-09-22,date_added,True,clamped,2010-01-04,2026-09-21
BCR,2010-01-01,2018-01-02,since_window_start,False,no_data,2010-01-01,2018-01-02
BDX,2010-01-01,2026-09-22,date_added,True,clamped,2010-01-04,2026-09-21
BE,2026-09-21,2026-09-22,events,True,clamped,2026-09-21,2026-09-21
BEAM,2010-01-01,2014-04-30,since_window_start,False,ticker_reuse_or_late_data,2010-01-01,2014-04-30
BEN,2010-01-01,2026-09-22,date_added,True,clamped,2010-01-04,2026-09-21
BF-B,2010-01-01,2026-09-22,date_added,True,clamped,2010-01-04,2026-09-21
BG,2023-03-15,2026-09-22,events,True,clamped,2023-03-15,2026-09-21
BHF,2017-08-08,2019-04-01,events,True,ok,2017-08-08,2019-04-01
BHI,2010-01-01,2017-07-06,since_window_start,False,no_data,2010-01-01,2017-07-06
BIG,2010-01-01,2013-02-14,since_window_start,False,no_data,2010-01-01,2013-02-14
BIIB,2010-01-01,2026-09-22,date_added,True,clamped,2010-01-04,2026-09-21
BIO,2020-06-22,2024-09-22,events,True,ok,2020-06-22,2024-09-22
BJS,2010-01-01,2010-04-28,since_window_start,False,no_data,2010-01-01,2010-04-28
BKNG,2010-01-01,2026-09-22,date_added,True,clamped,2010-01-04,2026-09-21
BKR,2017-07-07,2026-09-22,events,True,clamped,2017-07-07,2026-09-21
BLDR,2023-12-18,2026-09-20,events,True,ok,2023-12-18,2026-09-20
BLK,2011-04-01,2026-09-22,events,True,clamped,2011-04-01,2026-09-21
BMC,2010-01-01,2013-09-09,since_window_start,False,no_data,2010-01-01,2013-09-09
BMS,2010-01-01,2014-12-04,since_window_start,False,no_data,2010-01-01,2014-12-04
BMS,2019-06-07,2019-06-10,events,False,no_data,2019-06-07,2019-06-10
BMY,2010-01-01,2026-09-22,date_added,True,clamped,2010-01-04,2026-09-21
BNY,2010-01-01,2026-09-22,date_added,True,clamped,2010-01-04,2026-09-21
BR,2018-06-18,2026-09-22,events,True,clamped,2018-06-18,2026-09-21
BRCM,2010-01-01,2016-01-31,since_window_start,False,no_data,2010-01-01,2016-01-31
BRK-B,2010-02-16,2026-09-22,date_added,True,clamped,2010-02-16,2026-09-21
BRO,2021-09-20,2026-09-22,events,True,clamped,2021-09-20,2026-09-21
BSX,2010-01-01,2026-09-22,date_added,True,clamped,2010-01-04,2026-09-21
BTU,2010-01-01,2014-09-19,since_window_start,False,ticker_reuse_or_late_data,2010-01-01,2014-09-19
BWA,2011-12-16,2025-03-23,events,True,ok,2011-12-16,2025-03-23
BX,2023-09-18,2026-09-22,events,True,clamped,2023-09-18,2026-09-21
BXLT,2015-07-01,2016-06-02,events,False,no_data,2015-07-01,2016-06-02
BXP,2010-01-01,2026-09-22,date_added,True,clamped,2010-01-04,2026-09-21
C,2010-01-01,2026-09-22,date_added,True,clamped,2010-01-04,2026-09-21
CA,2010-01-01,2018-11-05,since_window_start,False,no_data,2010-01-01,2018-11-05
CAG,2010-01-01,2026-06-29,since_window_start,True,clamped,2010-01-04,2026-06-29
CAH,2010-01-01,2026-09-22,date_added,True,clamped,2010-01-04,2026-09-21
CAM,2010-01-01,2016-04-03,since_window_start,False,no_data,2010-01-01,2016-04-03
CARR,2020-04-03,2026-09-22,events,True,clamped,2020-04-03,2026-09-21
CASY,2026-04-09,2026-09-22,events,True,clamped,2026-04-09,2026-09-21
CAT,2010-01-01,2026-09-22,date_added,True,clamped,2010-01-04,2026-09-21
CB,2010-07-14,2026-09-22,events,True,clamped,2010-07-14,2026-09-21
CBE,2011-11-18,2012-12-02,events,False,no_data,2011-11-18,2012-12-02
CBOE,2017-03-01,2026-09-22,events,True,clamped,2017-03-01,2026-09-21
CBRE,2010-01-01,2026-09-22,date_added,True,clamped,2010-01-04,2026-09-21
CCE,2010-01-01,2016-05-30,since_window_start,False,no_data,2010-01-01,2016-05-30
CCI,2012-03-13,2026-09-22,events,True,clamped,2012-03-13,2026-09-21
CCL,2010-01-01,2026-09-22,events,True,clamped,2010-01-04,2026-09-21
CDAY,2021-09-20,2024-01-31,events,False,no_data,2021-09-20,2024-01-31
CDNS,2017-09-18,2026-09-22,events,True,clamped,2017-09-18,2026-09-21
CDW,2019-09-23,2026-09-22,events,True,clamped,2019-09-23,2026-09-21
CE,2018-12-24,2025-03-23,events,True,ok,2018-12-24,2025-03-23
CEG,2010-01-01,2012-03-12,since_window_start,False,ticker_reuse_or_late_data,2010-01-01,2012-03-12
CEG,2022-02-02,2026-09-22,events,True,clamped,2022-02-02,2026-09-21
CELG,2010-01-01,2019-11-20,since_window_start,False,no_data,2010-01-01,2019-11-20
CEPH,2010-01-01,2011-10-13,since_window_start,False,no_data,2010-01-01,2011-10-13
CERN,2010-04-29,2022-06-07,events,False,no_data,2010-04-29,2022-06-07
CF,2010-01-01,2026-09-22,date_added,True,clamped,2010-01-04,2026-09-21
CFG,2016-02-01,2026-09-22,events,True,clamped,2016-02-01,2026-09-21
CFN,2010-01-01,2015-03-17,since_window_start,False,no_data,2010-01-01,2015-03-17
CHD,2015-12-29,2026-09-22,events,True,clamped,2015-12-29,2026-09-21
CHK,2010-01-01,2018-03-18,since_window_start,False,no_data,2010-01-01,2018-03-18
CHRW,2010-01-01,2026-09-22,date_added,True,clamped,2010-01-04,2026-09-21
CHTR,2016-09-08,2026-09-22,events,True,clamped,2016-09-08,2026-09-21
CI,2010-01-01,2026-09-22,date_added,True,clamped,2010-01-04,2026-09-21
CIEN,2026-02-09,2026-09-22,events,True,clamped,2026-02-09,2026-09-21
CINF,2010-01-01,2026-09-22,date_added,True,clamped,2010-01-04,2026-09-21
CL,2010-01-01,2026-09-22,date_added,True,clamped,2010-01-04,2026-09-21
CLF,2010-01-01,2014-04-01,events,True,clamped,2010-01-04,2014-04-01
CLX,2010-01-01,2026-09-22,date_added,True,clamped,2010-01-04,2026-09-21
CMA,2010-01-01,2024-06-23,since_window_start,False,no_data,2010-01-01,2024-06-23
CMCSA,2010-01-01,2026-09-22,date_added,True,clamped,2010-01-04,2026-09-21
CMCSK,2015-09-18,2015-12-14,events,False,no_data,2015-09-18,2015-12-14
CME,2010-01-01,2026-09-22,date_added,True,clamped,2010-01-04,2026-09-21
CMG,2011-04-27,2026-09-22,events,True,clamped,2011-04-27,2026-09-21
CMI,2010-01-01,2026-09-22,date_added,True,clamped,2010-01-04,2026-09-21
CMS,2010-01-01,2026-09-22,date_added,True,clamped,2010-01-04,2026-09-21
CNC,2016-03-30,2026-09-22,events,True,clamped,2016-03-30,2026-09-21
CNP,2010-01-01,2026-09-22,date_added,True,clamped,2010-01-04,2026-09-21
CNX,2010-01-01,2016-03-03,since_window_start,True,clamped,2010-01-04,2016-03-03
COF,2010-01-01,2026-09-22,date_added,True,clamped,2010-01-04,2026-09-21
COHR,2026-03-23,2026-09-22,events,True,clamped,2026-03-23,2026-09-21
COIN,2025-05-19,2026-09-22,events,True,clamped,2025-05-19,2026-09-21
COL,2010-01-01,2018-12-02,since_window_start,False,no_data,2010-01-01,2018-12-02
COO,2016-09-22,2026-09-22,events,True,clamped,2016-09-22,2026-09-21
COP,2010-01-01,2026-09-22,date_added,True,clamped,2010-01-04,2026-09-21
COR,2010-01-01,2026-09-22,date_added,True,clamped,2010-01-04,2026-09-21
COST,2010-01-01,2026-09-22,date_added,True,clamped,2010-01-04,2026-09-21
COTY,2016-09-30,2020-09-20,events,True,ok,2016-09-30,2020-09-20
COV,2011-02-28,2015-01-26,events,False,no_data,2011-02-28,2015-01-26
CPAY,2018-06-20,2026-09-22,date_added,True,clamped,2018-06-20,2026-09-21
CPB,2010-01-01,2026-06-21,since_window_start,True,clamped,2010-01-04,2026-06-21
CPGX,2015-07-02,2016-07-04,events,False,no_data,2015-07-02,2016-07-04
CPRI,2010-01-01,2020-05-11,since_window_start,True,clamped,2011-12-15,2020-05-11
CPRT,2018-07-02,2026-09-22,events,True,clamped,2018-07-02,2026-09-21
CPT,2022-04-04,2026-09-22,events,True,clamped,2022-04-04,2026-09-21
CPWR,2010-01-01,2011-12-30,events,True,clamped,2010-01-07,2011-12-30
CRH,2025-12-22,2026-09-22,events,True,clamped,2025-12-22,2026-09-21
CRL,2021-05-14,2026-09-22,events,True,clamped,2021-05-14,2026-09-21
CRM,2010-01-01,2026-09-22,events,True,clamped,2010-01-04,2026-09-21
CRWD,2024-06-24,2026-09-22,events,True,clamped,2024-06-24,2026-09-21
CSC,2010-01-01,2015-11-30,since_window_start,False,no_data,2010-01-01,2015-11-30
CSCO,2010-01-01,2026-09-22,date_added,True,clamped,2010-01-04,2026-09-21
CSGP,2022-09-19,2026-09-22,events,True,clamped,2022-09-19,2026-09-21
CSRA,2015-12-01,2018-04-03,events,False,no_data,2015-12-01,2018-04-03
CSX,2010-01-01,2026-09-22,date_added,True,clamped,2010-01-04,2026-09-21
CTAS,2010-01-01,2026-09-22,date_added,True,clamped,2010-01-04,2026-09-21
CTLT,2020-09-21,2024-12-22,events,False,no_data,2020-09-21,2024-12-22
CTRA,2010-01-01,2026-05-06,since_window_start,False,no_data,2010-01-01,2026-05-06
CTSH,2010-01-01,2026-09-22,date_added,True,clamped,2010-01-04,2026-09-21
CTVA,2019-06-03,2026-09-22,events,True,clamped,2019-06-03,2026-09-21
CTXS,2010-01-01,2022-10-02,since_window_start,False,no_data,2010-01-01,2022-10-02
CVC,2010-12-17,2016-06-21,events,False,no_data,2010-12-17,2016-06-21
CVH,2010-01-01,2013-05-07,since_window_start,False,no_data,2010-01-01,2013-05-07
CVNA,2025-12-22,2026-09-22,events,True,clamped,2025-12-22,2026-09-21
CVS,2010-01-01,2026-09-22,date_added,True,clamped,2010-01-04,2026-09-21
CVX,2010-01-01,2026-09-22,date_added,True,clamped,2010-01-04,2026-09-21
CXO,2016-02-22,2021-01-20,events,False,no_data,2016-02-22,2021-01-20
CZR,2021-03-22,2025-09-21,events,True,ok,2021-03-22,2025-09-21
D,2016-11-30,2026-09-22,date_added,True,clamped,2016-11-30,2026-09-21
DAL,2013-09-10,2026-09-22,events,True,clamped,2013-09-10,2026-09-21
DASH,2025-03-24,2026-09-22,events,True,clamped,2025-03-24,2026-09-21
DAY,2024-02-01,2026-02-08,events,False,no_data,2024-02-01,2026-02-08
DD,2010-01-01,2017-08-31,since_window_start,True,clamped,2010-01-04,2017-08-31
DD,2019-06-03,2026-09-22,events,True,clamped,2019-06-03,2026-09-21
DDOG,2025-07-09,2026-09-22,events,True,clamped,2025-07-09,2026-09-21
DE,2010-01-01,2026-09-22,date_added,True,clamped,2010-01-04,2026-09-21
DECK,2024-03-18,2026-09-22,events,True,clamped,2024-03-18,2026-09-21
DELL,2010-01-01,2013-10-28,since_window_start,False,ticker_reuse_or_late_data,2010-01-01,2013-10-28
DELL,2024-09-23,2026-09-22,events,True,clamped,2024-09-23,2026-09-21
DF,2010-01-01,2013-05-22,since_window_start,False,no_data,2010-01-01,2013-05-22
DFS,2010-01-01,2025-05-18,events,False,no_data,2010-01-01,2025-05-18
DG,2012-12-03,2026-09-22,events,True,clamped,2012-12-03,2026-09-21
DGX,2010-01-01,2026-09-22,date_added,True,clamped,2010-01-04,2026-09-21
DHI,2010-01-01,2026-09-22,date_added,True,clamped,2010-01-04,2026-09-21
DHR,2010-01-01,2026-09-22,date_added,True,clamped,2010-01-04,2026-09-21
DIS,2010-01-01,2026-09-22,events,True,clamped,2010-01-04,2026-09-21
DISCA,2010-01-01,2022-04-10,since_window_start,False,no_data,2010-01-01,2022-04-10
DISCK,2014-08-06,2022-04-10,events,False,no_data,2014-08-06,2022-04-10
DISH,2017-03-13,2023-06-19,events,False,no_data,2017-03-13,2023-06-19
DLR,2016-05-18,2026-09-22,events,True,clamped,2016-05-18,2026-09-21
DLTR,2011-12-16,2026-09-22,events,True,clamped,2011-12-16,2026-09-21
DNB,2010-01-01,2017-04-04,since_window_start,False,no_data,2010-01-01,2017-04-04
DNR,2010-01-01,2015-03-22,since_window_start,False,no_data,2010-01-01,2015-03-22
DO,2010-01-01,2016-09-29,since_window_start,False,no_data,2010-01-01,2016-09-29
DOC,2010-01-01,2026-09-22,date_added,True,clamped,2010-01-04,2026-09-21
DOV,2010-01-01,2026-09-22,date_added,True,clamped,2010-01-04,2026-09-21
DOW,2010-01-01,2017-08-31,since_window_start,False,ticker_reuse_or_late_data,2010-01-01,2017-08-31
DOW,2019-04-02,2026-09-22,events,True,clamped,2019-04-02,2026-09-21
DPS,2010-01-01,2018-07-01,since_window_start,False,no_data,2010-01-01,2018-07-01
DPZ,2020-05-12,2026-09-22,events,True,clamped,2020-05-12,2026-09-21
DRE,2017-07-26,2022-10-02,events,False,no_data,2017-07-26,2022-10-02
DRI,2010-01-01,2026-09-22,date_added,True,clamped,2010-01-04,2026-09-21
DTE,2010-01-01,2026-09-22,date_added,True,clamped,2010-01-04,2026-09-21
DTV,2010-01-01,2015-07-28,since_window_start,False,no_data,2010-01-01,2015-07-28
DUK,2010-01-01,2026-09-22,date_added,True,clamped,2010-01-04,2026-09-21
DV,2010-01-01,2012-09-30,since_window_start,False,ticker_reuse_or_late_data,2010-01-01,2012-09-30
DVA,2010-01-01,2026-09-22,date_added,True,clamped,2010-01-04,2026-09-21
DVN,2010-01-01,2026-09-22,date_added,True,clamped,2010-01-04,2026-09-21
DWDP,2017-09-01,2019-06-02,events,False,no_data,2017-09-01,2019-06-02
DXC,2017-04-04,2023-10-02,events,True,ok,2017-04-04,2023-10-02
DXCM,2020-05-12,2026-09-22,events,True,clamped,2020-05-12,2026-09-21
EA,2010-01-01,2026-08-04,since_window_start,False,no_data,2010-01-01,2026-08-04
EBAY,2010-01-01,2026-09-22,date_added,True,clamped,2010-01-04,2026-09-21
ECHO,2026-03-23,2026-09-22,date_added,True,clamped,2026-03-23,2026-09-21
ECL,2010-01-01,2026-09-22,date_added,True,clamped,2010-01-04,2026-09-21
ED,2010-01-01,2026-09-22,date_added,True,clamped,2010-01-04,2026-09-21
EFX,2010-01-01,2026-09-22,date_added,True,clamped,2010-01-04,2026-09-21
EG,2017-06-19,2026-09-22,date_added,True,clamped,2017-06-19,2026-09-21
EIX,2010-01-01,2026-09-22,date_added,True,clamped,2010-01-04,2026-09-21
EK,2010-01-01,2010-12-16,since_window_start,False,no_data,2010-01-01,2010-12-16
EL,2010-01-01,2026-09-22,date_added,True,clamped,2010-01-04,2026-09-21
ELV,2010-01-01,2026-09-22,date_added,True,clamped,2010-01-04,2026-09-21
EMC,2010-01-01,2016-09-07,since_window_start,False,ticker_reuse_or_late_data,2010-01-01,2016-09-07
EME,2025-09-22,2026-09-22,events,True,clamped,2025-09-22,2026-09-21
EMN,2010-01-01,2025-11-03,since_window_start,True,clamped,2010-01-04,2025-11-03
EMR,2010-01-01,2026-09-22,date_added,True,clamped,2010-01-04,2026-09-21
ENDP,2015-01-27,2017-03-01,events,False,no_data,2015-01-27,2017-03-01
ENPH,2021-01-07,2025-09-21,events,True,ok,2021-01-07,2025-09-21
EOG,2010-01-01,2026-09-22,date_added,True,clamped,2010-01-04,2026-09-21
EP,2010-01-01,2012-05-16,since_window_start,True,clamped,2010-01-04,2012-05-16
EPAM,2021-12-14,2026-06-01,events,True,ok,2021-12-14,2026-06-01
EQIX,2015-03-23,2026-09-22,events,True,clamped,2015-03-23,2026-09-21
EQT,2010-01-01,2018-11-12,since_window_start,True,clamped,2010-01-04,2018-11-12
EQT,2022-10-03,2026-09-22,events,True,clamped,2022-10-03,2026-09-21
ERIE,2024-09-23,2026-09-22,events,True,clamped,2024-09-23,2026-09-21
ES,2010-01-01,2026-09-22,date_added,True,clamped,2010-01-04,2026-09-21
ESRX,2010-01-01,2018-12-23,events,False,no_data,2010-01-01,2018-12-23
ESS,2014-04-02,2026-09-22,events,True,clamped,2014-04-02,2026-09-21
ESV,2012-07-31,2016-03-29,events,False,no_data,2012-07-31,2016-03-29
ETFC,2010-01-01,2020-10-06,since_window_start,False,no_data,2010-01-01,2020-10-06
ETN,2010-01-01,2026-09-22,date_added,True,clamped,2010-01-04,2026-09-21
ETR,2010-01-01,2026-09-22,date_added,True,clamped,2010-01-04,2026-09-21
ETSY,2020-09-21,2024-09-22,events,True,ok,2020-09-21,2024-09-22
EVHC,2016-12-02,2018-10-10,events,False,no_data,2016-12-02,2018-10-10
EVRG,2018-06-05,2026-09-22,events,True,clamped,2018-06-05,2026-09-21
EW,2011-03-31,2026-09-22,events,True,clamped,2011-03-31,2026-09-21
EXC,2010-01-01,2026-09-22,date_added,True,clamped,2010-01-04,2026-09-21
EXE,2025-03-24,2026-09-22,events,True,clamped,2025-03-24,2026-09-21
EXPD,2010-01-01,2026-09-22,date_added,True,clamped,2010-01-04,2026-09-21
EXPE,2010-01-01,2026-09-22,events,True,clamped,2010-01-04,2026-09-21
EXR,2016-01-19,2026-09-22,events,True,clamped,2016-01-19,2026-09-21
F,2010-01-01,2026-09-22,date_added,True,clamped,2010-01-04,2026-09-21
FANG,2018-12-03,2026-09-22,events,True,clamped,2018-12-03,2026-09-21
FAST,2010-01-01,2026-09-22,events,True,clamped,2010-01-04,2026-09-21
FBHS,2016-06-22,2022-12-18,events,False,no_data,2016-06-22,2022-12-18
FCX,2011-07-01,2026-09-22,date_added,True,clamped,2011-07-01,2026-09-21
FDO,2010-01-01,2015-07-07,since_window_start,False,no_data,2010-01-01,2015-07-07
FDS,2021-12-20,2026-09-22,events,True,clamped,2021-12-20,2026-09-21
FDX,2010-01-01,2026-09-22,date_added,True,clamped,2010-01-04,2026-09-21
FDXF,2026-06-01,2026-09-22,events,False,no_data,2026-06-01,2026-09-22
FE,2010-01-01,2026-09-22,date_added,True,clamped,2010-01-04,2026-09-21
FERG,2026-08-05,2026-09-22,events,True,clamped,2026-08-05,2026-09-21
FFIV,2010-12-17,2026-09-22,events,True,clamped,2010-12-17,2026-09-21
FHN,2010-01-01,2013-06-20,since_window_start,True,clamped,2010-01-04,2013-06-20
FICO,2023-03-20,2026-09-22,events,True,clamped,2023-03-20,2026-09-21
FII,2010-01-01,2013-01-01,since_window_start,False,no_data,2010-01-01,2013-01-01
FIS,2010-01-01,2026-09-22,date_added,True,clamped,2010-01-04,2026-09-21
FISV,2010-01-01,2026-09-22,date_added,True,clamped,2010-01-04,2026-09-21
FITB,2010-01-01,2026-09-22,date_added,True,clamped,2010-01-04,2026-09-21
FIX,2025-12-22,2026-09-22,events,True,clamped,2025-12-22,2026-09-21
FL,2016-04-04,2019-08-08,events,False,no_data,2016-04-04,2019-08-08
FLEX,2026-06-22,2026-09-22,events,True,clamped,2026-06-22,2026-09-21
FLIR,2010-01-01,2021-05-13,since_window_start,False,no_data,2010-01-01,2021-05-13
FLR,2010-01-01,2019-06-02,since_window_start,True,clamped,2010-01-04,2019-06-02
FLS,2010-01-01,2021-03-21,since_window_start,True,clamped,2010-01-04,2021-03-21
FMC,2010-01-01,2025-03-23,events,True,clamped,2010-01-04,2025-03-23
FOSL,2012-04-03,2016-01-04,events,True,ok,2012-04-03,2016-01-04
FOX,2015-09-18,2019-03-18,events,False,ticker_reuse_or_late_data,2015-09-18,2019-03-18
FOX,2019-03-20,2026-09-22,readded,True,clamped,2019-03-20,2026-09-21
FOXA,2019-03-20,2026-09-22,readded,True,clamped,2019-03-20,2026-09-21
FRC,2019-01-02,2023-05-03,events,False,no_data,2019-01-02,2023-05-03
FRT,2016-02-01,2026-09-22,events,True,clamped,2016-02-01,2026-09-21
FRX,2010-01-01,2014-06-30,since_window_start,False,no_data,2010-01-01,2014-06-30
FSLR,2010-01-01,2017-03-19,since_window_start,True,clamped,2010-01-04,2017-03-19
FSLR,2022-12-19,2026-09-22,events,True,clamped,2022-12-19,2026-09-21
FTI,2010-01-01,2021-02-11,events,True,clamped,2010-01-04,2021-02-11
FTNT,2018-10-11,2026-09-22,events,True,clamped,2018-10-11,2026-09-21
FTR,2010-01-01,2017-03-19,since_window_start,False,no_data,2010-01-01,2017-03-19
FTV,2016-07-05,2026-09-22,events,True,clamped,2016-07-05,2026-09-21
GAS,2010-01-01,2016-06-30,since_window_start,False,no_data,2010-01-01,2016-06-30
GD,2010-01-01,2026-09-22,date_added,True,clamped,2010-01-04,2026-09-21
GDDY,2024-06-24,2026-09-22,events,True,clamped,2024-06-24,2026-09-21
GE,2010-01-01,2026-09-22,date_added,True,clamped,2010-01-04,2026-09-21
GEHC,2023-01-04,2026-09-22,events,True,clamped,2023-01-04,2026-09-21
GEN,2010-01-01,2026-09-22,date_added,True,clamped,2010-01-04,2026-09-21
GENZ,2010-01-01,2011-03-31,since_window_start,True,clamped,2010-01-04,2011-03-31
GEV,2024-04-02,2026-09-22,events,True,clamped,2024-04-02,2026-09-21
GGP,2013-12-10,2018-08-27,events,False,no_data,2013-12-10,2018-08-27
GHC,2010-01-01,2014-09-19,since_window_start,True,clamped,2010-01-04,2014-09-19
GILD,2010-01-01,2026-09-22,date_added,True,clamped,2010-01-04,2026-09-21
GIS,2010-01-01,2026-09-22,date_added,True,clamped,2010-01-04,2026-09-21
GL,2010-01-01,2026-09-22,date_added,True,clamped,2010-01-04,2026-09-21
GLW,2010-01-01,2026-09-22,date_added,True,clamped,2010-01-04,2026-09-21
GM,2013-06-06,2026-09-22,events,True,clamped,2013-06-06,2026-09-21
GMCR,2014-03-21,2016-03-06,events,False,no_data,2014-03-21,2016-03-06
GME,2010-01-01,2016-04-24,events,True,clamped,2010-01-04,2016-04-24
GNRC,2021-03-22,2026-09-22,events,True,clamped,2021-03-22,2026-09-21
GNW,2010-01-01,2015-11-17,since_window_start,True,clamped,2010-01-04,2015-11-17
GOOG,2014-04-03,2026-09-22,date_added,True,clamped,2014-04-03,2026-09-21
GOOGL,2014-04-03,2026-09-22,events,True,clamped,2014-04-03,2026-09-21
GPC,2010-01-01,2026-09-22,date_added,True,clamped,2010-01-04,2026-09-21
GPN,2016-04-25,2026-09-22,events,True,clamped,2016-04-25,2026-09-21
GPS,2010-01-01,2022-02-02,since_window_start,False,no_data,2010-01-01,2022-02-02
GR,2010-01-01,2012-07-30,since_window_start,False,no_data,2010-01-01,2012-07-30
GRMN,2012-12-11,2026-09-22,events,True,clamped,2012-12-11,2026-09-21
GS,2010-01-01,2026-09-22,date_added,True,clamped,2010-01-04,2026-09-21
GT,2010-01-01,2019-02-26,since_window_start,True,clamped,2010-01-04,2019-02-26
GWW,2010-01-01,2026-09-22,date_added,True,clamped,2010-01-04,2026-09-21
HAL,2010-01-01,2026-09-22,date_added,True,clamped,2010-01-04,2026-09-21
HAR,2010-01-01,2017-03-15,since_window_start,False,no_data,2010-01-01,2017-03-15
HAS,2010-01-01,2026-09-22,date_added,True,clamped,2010-01-04,2026-09-21
HBAN,2010-01-01,2026-09-22,date_added,True,clamped,2010-01-04,2026-09-21
HBI,2015-03-23,2021-12-19,events,False,no_data,2015-03-23,2021-12-19
HCA,2015-01-27,2026-09-22,events,True,clamped,2015-01-27,2026-09-21
HCBK,2010-01-01,2015-11-01,since_window_start,False,no_data,2010-01-01,2015-11-01
HD,2010-01-01,2026-09-22,date_added,True,clamped,2010-01-04,2026-09-21
HES,2010-01-01,2025-07-22,since_window_start,False,no_data,2010-01-01,2025-07-22
HFC,2018-06-18,2021-06-03,events,False,no_data,2018-06-18,2021-06-03
HIG,2010-01-01,2026-09-22,date_added,True,clamped,2010-01-04,2026-09-21
HII,2018-01-03,2026-09-22,events,True,clamped,2018-01-03,2026-09-21
HLT,2017-06-19,2026-09-22,events,True,clamped,2017-06-19,2026-09-21
HNZ,2010-01-01,2013-06-05,since_window_start,False,no_data,2010-01-01,2013-06-05
HOG,2010-01-01,2020-06-21,since_window_start,True,clamped,2010-01-04,2020-06-21
HOLX,2016-03-30,2026-04-08,events,False,no_data,2016-03-30,2026-04-08
HON,2010-01-01,2026-09-22,date_added,True,clamped,2010-01-04,2026-09-21
HONA,2026-06-29,2026-09-22,events,False,no_data,2026-06-29,2026-09-22
HOOD,2025-09-22,2026-09-22,events,True,clamped,2025-09-22,2026-09-21
HOT,2010-01-01,2016-09-21,since_window_start,False,no_data,2010-01-01,2016-09-21
HP,2010-02-26,2020-05-21,events,True,ok,2010-02-26,2020-05-21
HPE,2015-11-02,2026-09-22,events,True,clamped,2015-11-02,2026-09-21
HPQ,2010-01-01,2026-09-22,date_added,True,clamped,2010-01-04,2026-09-21
HRB,2010-01-01,2020-09-20,since_window_start,True,clamped,2010-01-04,2020-09-20
HRL,2010-01-01,2026-09-22,events,True,clamped,2010-01-04,2026-09-21
HSIC,2015-03-18,2026-09-22,events,True,clamped,2015-03-18,2026-09-21
HSP,2010-01-01,2015-09-01,since_window_start,False,no_data,2010-01-01,2015-09-01
HST,2010-01-01,2026-09-22,date_added,True,clamped,2010-01-04,2026-09-21
HSY,2010-01-01,2026-09-22,date_added,True,clamped,2010-01-04,2026-09-21
HUBB,2023-10-18,2026-09-22,events,True,clamped,2023-10-18,2026-09-21
HUM,2012-12-10,2026-09-22,date_added,True,clamped,2012-12-10,2026-09-21
HWM,2020-04-01,2026-09-22,events,True,clamped,2020-04-01,2026-09-21
IBKR,2025-08-28,2026-09-22,events,True,clamped,2025-08-28,2026-09-21
IBM,2010-01-01,2026-09-22,date_added,True,clamped,2010-01-04,2026-09-21
ICE,2010-01-01,2026-09-22,events,True,clamped,2010-01-04,2026-09-21
IDXX,2017-01-05,2026-09-22,events,True,clamped,2017-01-05,2026-09-21
IEX,2019-08-09,2026-09-22,events,True,clamped,2019-08-09,2026-09-21
IFF,2010-01-01,2026-09-22,date_added,True,clamped,2010-01-04,2026-09-21
IGT,2010-01-01,2014-06-19,since_window_start,False,no_data,2010-01-01,2014-06-19
ILMN,2015-11-19,2024-06-23,events,True,ok,2015-11-19,2024-06-23
ILMN,2026-09-21,2026-09-22,events,True,clamped,2026-09-21,2026-09-21
INCY,2017-02-28,2026-09-22,events,True,clamped,2017-02-28,2026-09-21
INFO,2017-06-02,2022-03-01,events,False,ticker_reuse_or_late_data,2017-06-02,2022-03-01
INTC,2010-01-01,2026-09-22,date_added,True,clamped,2010-01-04,2026-09-21
INTU,2010-01-01,2026-09-22,events,True,clamped,2010-01-04,2026-09-21
INVH,2022-09-19,2026-09-22,events,True,clamped,2022-09-19,2026-09-21
IP,2010-01-01,2026-09-22,date_added,True,clamped,2010-01-04,2026-09-21
IPG,2010-01-01,2025-11-27,since_window_start,False,no_data,2010-01-01,2025-11-27
IPGP,2018-03-07,2022-06-20,events,True,ok,2018-03-07,2022-06-20
IQV,2017-11-15,2026-09-22,events,True,clamped,2017-11-15,2026-09-21
IR,2010-11-17,2026-09-22,events,True,clamped,2017-05-12,2026-09-21
IRM,2010-01-01,2026-09-22,date_added,True,clamped,2010-01-04,2026-09-21
ISRG,2010-01-01,2026-09-22,date_added,True,clamped,2010-01-04,2026-09-21
IT,2017-04-05,2026-09-22,events,True,clamped,2017-04-05,2026-09-21
ITT,2010-01-01,2011-10-30,since_window_start,True,clamped,2010-01-04,2011-10-30
ITW,2010-01-01,2026-09-22,date_added,True,clamped,2010-01-04,2026-09-21
IVZ,2010-01-01,2026-09-22,date_added,True,clamped,2010-01-04,2026-09-21
J,2010-01-01,2026-09-22,date_added,True,clamped,2010-01-04,2026-09-21
JBHT,2015-07-01,2026-09-22,events,True,clamped,2015-07-01,2026-09-21
JBL,2010-01-01,2014-11-04,since_window_start,True,clamped,2010-01-04,2014-11-04
JBL,2023-12-18,2026-09-22,events,True,clamped,2023-12-18,2026-09-21
JCI,2010-08-27,2026-09-22,date_added,True,clamped,2010-08-27,2026-09-21
JCP,2010-01-01,2013-12-01,since_window_start,False,no_data,2010-01-01,2013-12-01
JDSU,2010-01-01,2013-12-22,events,False,no_data,2010-01-01,2013-12-22
JEF,2010-01-01,2019-09-25,since_window_start,True,clamped,2010-01-04,2019-09-25
JKHY,2018-11-13,2026-09-22,events,True,clamped,2018-11-13,2026-09-21
JNJ,2010-01-01,2026-09-22,date_added,True,clamped,2010-01-04,2026-09-21
JNPR,2010-01-01,2025-07-08,events,False,no_data,2010-01-01,2025-07-08
JNS,2010-01-01,2011-11-17,since_window_start,False,no_data,2010-01-01,2011-11-17
JOY,2010-01-01,2015-10-06,since_window_start,False,no_data,2010-01-01,2015-10-06
JPM,2010-01-01,2026-09-22,date_added,True,clamped,2010-01-04,2026-09-21
JWN,2010-01-01,2020-06-21,since_window_start,False,no_data,2010-01-01,2020-06-21
K,2010-01-01,2025-12-10,since_window_start,False,no_data,2010-01-01,2025-12-10
KDP,2022-06-21,2026-09-22,events,True,clamped,2022-06-21,2026-09-21
KEY,2010-01-01,2026-09-22,date_added,True,clamped,2010-01-04,2026-09-21
KEYS,2018-11-06,2026-09-22,events,True,clamped,2018-11-06,2026-09-21
KFT,2010-01-01,2012-10-01,events,False,no_data,2010-01-01,2012-10-01
KG,2010-01-01,2010-12-16,since_window_start,True,clamped,2010-01-04,2010-12-16
KHC,2015-07-06,2026-09-22,events,True,clamped,2015-07-06,2026-09-21
KIM,2010-01-01,2026-09-22,date_added,True,clamped,2010-01-04,2026-09-21
KKR,2024-06-24,2026-09-22,events,True,clamped,2024-06-24,2026-09-21
KLAC,2010-01-01,2026-09-22,date_added,True,clamped,2010-01-04,2026-09-21
KMB,2010-01-01,2026-09-22,date_added,True,clamped,2010-01-04,2026-09-21
KMI,2012-05-17,2026-09-22,events,True,clamped,2012-05-17,2026-09-21
KMX,2010-06-28,2025-10-30,events,True,ok,2010-06-28,2025-10-30
KO,2010-01-01,2026-09-22,date_added,True,clamped,2010-01-04,2026-09-21
KR,2010-01-01,2026-09-22,date_added,True,clamped,2010-01-04,2026-09-21
KRFT,2012-10-02,2015-07-05,events,False,no_data,2012-10-02,2015-07-05
KSS,2010-01-01,2020-09-20,since_window_start,True,clamped,2010-01-04,2020-09-20
KSU,2013-05-23,2021-12-13,events,False,no_data,2013-05-23,2021-12-13
KVUE,2023-08-25,2026-09-22,events,True,clamped,2023-08-25,2026-09-21
L,2010-01-01,2026-09-22,date_added,True,clamped,2010-01-04,2026-09-21
LDOS,2019-08-09,2026-09-22,events,True,clamped,2019-08-09,2026-09-21
LEG,2010-01-01,2021-12-19,since_window_start,False,no_data,2010-01-01,2021-12-19
LEN,2010-01-01,2026-09-22,date_added,True,clamped,2010-01-04,2026-09-21
LH,2010-01-01,2026-09-22,date_added,True,clamped,2010-01-04,2026-09-21
LHX,2010-01-01,2026-09-22,date_added,True,clamped,2010-01-04,2026-09-21
LIFE,2010-01-01,2014-01-23,since_window_start,False,no_data,2010-01-01,2014-01-23
LII,2024-12-23,2026-09-22,events,True,clamped,2024-12-23,2026-09-21
LIN,2010-01-01,2026-09-22,date_added,True,clamped,2010-01-04,2026-09-21
LITE,2026-03-23,2026-09-22,events,True,clamped,2026-03-23,2026-09-21
LKQ,2016-05-23,2025-12-21,events,True,ok,2016-05-23,2025-12-21
LLL,2010-01-01,2019-06-30,since_window_start,False,no_data,2010-01-01,2019-06-30
LLTC,2010-01-01,2017-03-12,since_window_start,False,no_data,2010-01-01,2017-03-12
LLY,2010-01-01,2026-09-22,date_added,True,clamped,2010-01-04,2026-09-21
LM,2010-01-01,2016-12-01,since_window_start,False,no_data,2010-01-01,2016-12-01
LMT,2010-01-01,2026-09-22,date_added,True,clamped,2010-01-04,2026-09-21
LNC,2010-01-01,2023-09-17,since_window_start,True,clamped,2010-01-04,2023-09-17
LNT,2016-07-01,2026-09-22,events,True,clamped,2016-07-01,2026-09-21
LO,2010-01-01,2015-06-10,events,False,no_data,2010-01-01,2015-06-10
LOW,2010-01-01,2026-09-22,date_added,True,clamped,2010-01-04,2026-09-21
LRCX,2012-06-05,2026-09-22,events,True,clamped,2012-06-05,2026-09-21
LSI,2010-01-01,2014-05-07,since_window_start,False,no_data,2010-01-01,2014-05-07
LULU,2023-10-18,2026-09-22,events,True,clamped,2023-10-18,2026-09-21
LUMN,2010-01-01,2023-03-19,since_window_start,True,clamped,2010-01-04,2023-03-19
LUV,2010-01-01,2026-09-22,date_added,True,clamped,2010-01-04,2026-09-21
LVLT,2014-11-05,2017-10-12,events,False,no_data,2014-11-05,2017-10-12
LVS,2019-10-03,2026-09-22,events,True,clamped,2019-10-03,2026-09-21
LW,2018-12-03,2026-03-22,events,True,ok,2018-12-03,2026-03-22
LXK,2010-01-01,2012-09-30,since_window_start,False,no_data,2010-01-01,2012-09-30
LYB,2012-09-05,2026-09-22,events,True,clamped,2012-09-05,2026-09-21
LYV,2019-12-23,2026-09-22,events,True,clamped,2019-12-23,2026-09-21
M,2010-01-01,2020-04-05,since_window_start,True,clamped,2010-01-04,2020-04-05
MA,2010-01-01,2026-09-22,date_added,True,clamped,2010-01-04,2026-09-21
MAA,2016-12-02,2026-09-22,events,True,clamped,2016-12-02,2026-09-21
MAC,2013-05-08,2019-12-22,events,True,ok,2013-05-08,2019-12-22
MAR,2010-01-01,2026-09-22,date_added,True,clamped,2010-01-04,2026-09-21
MAS,2010-01-01,2026-09-22,date_added,True,clamped,2010-01-04,2026-09-21
MAT,2010-01-01,2019-06-06,since_window_start,True,clamped,2010-01-04,2019-06-06
MBC,2022-12-15,2022-12-18,events,False,ticker_reuse_or_late_data,2022-12-15,2022-12-18
MCD,2010-01-01,2026-09-22,date_added,True,clamped,2010-01-04,2026-09-21
MCHP,2010-01-01,2026-09-22,date_added,True,clamped,2010-01-04,2026-09-21
MCK,2010-01-01,2026-09-22,readded,True,clamped,2010-01-04,2026-09-21
MCO,2010-01-01,2026-09-22,date_added,True,clamped,2010-01-04,2026-09-21
MDLZ,2012-10-02,2026-09-22,events,True,clamped,2012-10-02,2026-09-21
MDP,2010-01-01,2011-01-02,since_window_start,False,no_data,2010-01-01,2011-01-02
MDT,2010-01-01,2026-09-22,date_added,True,clamped,2010-01-04,2026-09-21
MEE,2010-01-01,2011-05-31,events,False,no_data,2010-01-01,2011-05-31
MET,2010-01-01,2026-09-22,date_added,True,clamped,2010-01-04,2026-09-21
META,2013-12-23,2026-09-22,date_added,True,clamped,2013-12-23,2026-09-21
MFE,2010-01-01,2011-02-27,since_window_start,False,no_data,2010-01-01,2011-02-27
MGM,2017-07-26,2026-09-22,events,True,clamped,2017-07-26,2026-09-21
MHK,2013-12-23,2025-12-21,events,True,ok,2013-12-23,2025-12-21
MHS,2010-01-01,2012-04-02,since_window_start,False,no_data,2010-01-01,2012-04-02
MI,2010-01-01,2011-07-04,since_window_start,False,ticker_reuse_or_late_data,2010-01-01,2011-07-04
MIL,2010-01-01,2010-07-13,since_window_start,False,no_data,2010-01-01,2010-07-13
MJN,2010-01-01,2017-06-18,events,False,no_data,2010-01-01,2017-06-18
MKC,2010-01-01,2026-09-22,date_added,True,clamped,2010-01-04,2026-09-21
MKTX,2019-07-01,2025-09-21,events,True,ok,2019-07-01,2025-09-21
MLM,2014-07-02,2026-09-22,events,True,clamped,2014-07-02,2026-09-21
MMI,2011-01-03,2012-05-20,events,False,ticker_reuse_or_late_data,2011-01-03,2012-05-20
MMM,2010-01-01,2026-09-22,date_added,True,clamped,2010-01-04,2026-09-21
MNK,2014-08-18,2017-07-25,events,False,no_data,2014-08-18,2017-07-25
MNST,2012-06-29,2026-09-22,events,True,clamped,2012-06-29,2026-09-21
MO,2010-01-01,2026-09-22,date_added,True,clamped,2010-01-04,2026-09-21
MOH,2022-03-02,2026-03-22,events,True,ok,2022-03-02,2026-03-22
MOLX,2010-01-01,2013-12-09,since_window_start,False,no_data,2010-01-01,2013-12-09
MON,2010-01-01,2018-06-06,since_window_start,False,no_data,2010-01-01,2018-06-06
MOS,2011-09-23,2026-09-22,events,True,clamped,2011-09-23,2026-09-21
MPC,2011-06-30,2026-09-22,events,True,clamped,2011-06-30,2026-09-21
MPWR,2021-02-12,2026-09-22,events,True,clamped,2021-02-12,2026-09-21
MRK,2010-01-01,2026-09-22,date_added,True,clamped,2010-01-04,2026-09-21
MRNA,2021-07-21,2026-09-22,events,True,clamped,2021-07-21,2026-09-21
MRO,2010-01-01,2024-11-25,since_window_start,False,no_data,2010-01-01,2024-11-25
MRSH,2010-01-01,2026-09-22,date_added,True,clamped,2010-01-04,2026-09-21
MRVL,2026-06-22,2026-09-22,events,True,clamped,2026-06-22,2026-09-21
MS,2010-01-01,2026-09-22,date_added,True,clamped,2010-01-04,2026-09-21
MSCI,2018-04-04,2026-09-22,events,True,clamped,2018-04-04,2026-09-21
MSFT,2010-01-01,2026-09-22,date_added,True,clamped,2010-01-04,2026-09-21
MSI,2010-01-01,2026-09-22,date_added,True,clamped,2010-01-04,2026-09-21
MTB,2010-01-01,2026-09-22,date_added,True,clamped,2010-01-04,2026-09-21
MTCH,2021-09-20,2026-03-22,events,True,ok,2021-09-20,2026-03-22
MTD,2016-09-06,2026-09-22,events,True,clamped,2016-09-06,2026-09-21
MU,2010-01-01,2026-09-22,date_added,True,clamped,2010-01-04,2026-09-21
MUR,2010-01-01,2017-07-25,since_window_start,True,clamped,2010-01-04,2017-07-25
MWW,2010-01-01,2011-12-15,since_window_start,False,no_data,2010-01-01,2011-12-15
MXIM,2018-12-03,2021-08-29,events,False,no_data,2018-12-03,2021-08-29
NAVI,2014-05-01,2018-06-04,events,True,ok,2014-05-01,2018-06-04
NBL,2010-01-01,2020-10-11,since_window_start,False,no_data,2010-01-01,2020-10-11
NBR,2010-01-01,2015-03-22,since_window_start,True,clamped,2010-01-04,2015-03-22
NCLH,2017-10-13,2026-09-22,events,True,clamped,2017-10-13,2026-09-21
NDAQ,2010-01-01,2026-09-22,date_added,True,clamped,2010-01-04,2026-09-21
NDSN,2022-02-15,2026-09-22,events,True,clamped,2022-02-15,2026-09-21
NE,2010-01-01,2015-07-19,since_window_start,False,ticker_reuse_or_late_data,2010-01-01,2015-07-19
NEE,2010-01-01,2026-09-22,date_added,True,clamped,2010-01-04,2026-09-21
NEM,2010-01-01,2026-09-22,date_added,True,clamped,2010-01-04,2026-09-21
NFLX,2010-12-17,2026-09-22,events,True,clamped,2010-12-17,2026-09-21
NFX,2010-12-17,2019-02-14,events,False,no_data,2010-12-17,2019-02-14
NI,2010-01-01,2026-09-22,date_added,True,clamped,2010-01-04,2026-09-21
NKE,2010-01-01,2026-09-22,date_added,True,clamped,2010-01-04,2026-09-21
NKTR,2018-03-19,2019-10-02,events,True,ok,2018-03-19,2019-10-02
NLSN,2013-07-08,2022-10-11,events,False,no_data,2013-07-08,2022-10-11
NOC,2010-01-01,2026-09-22,date_added,True,clamped,2010-01-04,2026-09-21
NOV,2010-01-01,2021-09-19,since_window_start,True,clamped,2010-01-04,2021-09-19
NOVL,2010-01-01,2011-04-26,since_window_start,False,no_data,2010-01-01,2011-04-26
NOW,2019-11-21,2026-09-22,events,True,clamped,2019-11-21,2026-09-21
NRG,2010-01-29,2026-09-22,date_added,True,clamped,2010-01-29,2026-09-21
NSC,2010-01-01,2026-09-22,date_added,True,clamped,2010-01-04,2026-09-21
NSM,2010-01-01,2011-09-22,since_window_start,False,no_data,2010-01-01,2011-09-22
NTAP,2010-01-01,2026-09-22,date_added,True,clamped,2010-01-04,2026-09-21
NTRS,2010-01-01,2026-09-22,date_added,True,clamped,2010-01-04,2026-09-21
NUE,2010-01-01,2026-09-22,date_added,True,clamped,2010-01-04,2026-09-21
NVDA,2010-01-01,2026-09-22,date_added,True,clamped,2010-01-04,2026-09-21
NVLS,2010-01-01,2012-06-04,since_window_start,False,no_data,2010-01-01,2012-06-04
NVR,2019-09-26,2026-09-22,events,True,clamped,2019-09-26,2026-09-21
NWL,2010-01-01,2023-09-17,since_window_start,True,clamped,2010-01-04,2023-09-17
NWS,2015-09-18,2026-09-22,events,True,clamped,2015-09-18,2026-09-21
NWSA,2013-07-01,2026-09-22,events,True,clamped,2013-07-01,2026-09-21
NXPI,2021-03-22,2026-09-22,events,True,clamped,2021-03-22,2026-09-21
NYT,2010-01-01,2010-12-16,since_window_start,True,clamped,2010-01-04,2010-12-16
NYX,2010-01-01,2013-11-12,since_window_start,False,no_data,2010-01-01,2013-11-12
O,2015-04-07,2026-09-22,events,True,clamped,2015-04-07,2026-09-21
ODFL,2019-12-09,2026-09-22,events,True,clamped,2019-12-09,2026-09-21
ODP,2010-01-01,2010-12-16,since_window_start,False,no_data,2010-01-01,2010-12-16
OGN,2021-06-03,2023-10-17,events,True,ok,2021-06-03,2023-10-17
OI,2010-01-01,2016-12-01,events,True,clamped,2010-01-04,2016-12-01
OKE,2010-03-15,2026-09-22,date_added,True,clamped,2010-03-15,2026-09-21
OMC,2010-01-01,2026-09-22,date_added,True,clamped,2010-01-04,2026-09-21
ON,2022-06-21,2026-09-22,events,True,clamped,2022-06-21,2026-09-21
ORCL,2010-01-01,2026-09-22,date_added,True,clamped,2010-01-04,2026-09-21
ORLY,2010-01-01,2026-09-22,date_added,True,clamped,2010-01-04,2026-09-21
OTIS,2020-04-03,2026-09-22,events,True,clamped,2020-04-03,2026-09-21
OXY,2010-01-01,2026-09-22,date_added,True,clamped,2010-01-04,2026-09-21
P,2026-09-21,2026-09-22,events,True,clamped,2026-09-21,2026-09-21
PANW,2023-06-20,2026-09-22,events,True,clamped,2023-06-20,2026-09-21
PAYC,2020-01-28,2026-03-22,events,True,ok,2020-01-28,2026-03-22
PAYX,2010-01-01,2026-09-22,date_added,True,clamped,2010-01-04,2026-09-21
PBCT,2010-01-01,2022-04-03,since_window_start,False,no_data,2010-01-01,2022-04-03
PBI,2010-01-01,2017-02-28,since_window_start,True,clamped,2010-01-04,2017-02-28
PCAR,2010-01-01,2026-09-22,date_added,True,clamped,2010-01-04,2026-09-21
PCG,2010-01-01,2019-01-17,since_window_start,True,clamped,2010-01-04,2019-01-17
PCG,2022-10-03,2026-09-22,events,True,clamped,2022-10-03,2026-09-21
PCL,2010-01-01,2016-02-21,since_window_start,False,no_data,2010-01-01,2016-02-21
PCP,2010-01-01,2016-01-31,since_window_start,False,no_data,2010-01-01,2016-01-31
PCS,2010-01-01,2013-04-29,events,False,no_data,2010-01-01,2013-04-29
PDCO,2010-01-01,2018-03-18,since_window_start,False,no_data,2010-01-01,2018-03-18
PEG,2010-01-01,2026-09-22,date_added,True,clamped,2010-01-04,2026-09-21
PENN,2021-03-22,2022-09-18,events,True,ok,2021-03-22,2022-09-18
PEP,2010-01-01,2026-09-22,date_added,True,clamped,2010-01-04,2026-09-21
PETM,2012-10-10,2015-03-11,events,False,no_data,2012-10-10,2015-03-11
PFE,2010-01-01,2026-09-22,date_added,True,clamped,2010-01-04,2026-09-21
PFG,2010-01-01,2026-09-22,date_added,True,clamped,2010-01-04,2026-09-21
PG,2010-01-01,2026-09-22,date_added,True,clamped,2010-01-04,2026-09-21
PGN,2010-01-01,2012-07-01,since_window_start,False,no_data,2010-01-01,2012-07-01
PGR,2010-01-01,2026-09-22,date_added,True,clamped,2010-01-04,2026-09-21
PH,2010-01-01,2026-09-22,date_added,True,clamped,2010-01-04,2026-09-21
PHM,2010-01-01,2026-09-22,date_added,True,clamped,2010-01-04,2026-09-21
PKG,2017-07-26,2026-09-22,events,True,clamped,2017-07-26,2026-09-21
PLD,2010-01-01,2026-09-22,date_added,True,clamped,2010-01-04,2026-09-21
PLL,2010-01-01,2015-08-27,since_window_start,False,no_data,2010-01-01,2015-08-27
PLTR,2024-09-23,2026-09-22,events,True,clamped,2024-09-23,2026-09-21
PM,2010-01-01,2026-09-22,date_added,True,clamped,2010-01-04,2026-09-21
PNC,2010-01-01,2026-09-22,date_added,True,clamped,2010-01-04,2026-09-21
PNR,2012-10-01,2026-09-22,events,True,clamped,2012-10-01,2026-09-21
PNW,2010-01-01,2026-09-22,date_added,True,clamped,2010-01-04,2026-09-21
PODD,2023-03-15,2026-09-22,events,True,clamped,2023-03-15,2026-09-21
POM,2010-01-01,2016-03-29,since_window_start,False,no_data,2010-01-01,2016-03-29
POOL,2020-10-07,2026-06-21,events,True,ok,2020-10-07,2026-06-21
PPG,2010-01-01,2026-09-22,date_added,True,clamped,2010-01-04,2026-09-21
PPL,2010-01-01,2026-09-22,date_added,True,clamped,2010-01-04,2026-09-21
PRGO,2011-12-16,2021-09-19,events,True,ok,2011-12-16,2021-09-19
PRU,2010-01-01,2026-09-22,date_added,True,clamped,2010-01-04,2026-09-21
PSA,2010-01-01,2026-09-22,date_added,True,clamped,2010-01-04,2026-09-21
PSKY,2010-01-01,2026-09-22,date_added,True,clamped,2010-01-04,2026-09-21
PSX,2012-04-23,2026-09-22,events,True,clamped,2012-04-23,2026-09-21
PTC,2021-04-20,2026-09-22,events,True,clamped,2021-04-20,2026-09-21
PTV,2010-01-01,2010-11-16,since_window_start,False,no_data,2010-01-01,2010-11-16
PVH,2013-02-15,2022-09-18,events,True,ok,2013-02-15,2022-09-18
PWR,2010-01-01,2026-09-22,date_added,True,clamped,2010-01-04,2026-09-21
PXD,2010-01-01,2024-05-07,since_window_start,False,no_data,2010-01-01,2024-05-07
PYPL,2015-07-20,2026-09-22,events,True,clamped,2015-07-20,2026-09-21
Q,2010-01-01,2011-03-30,since_window_start,False,no_data,2010-01-01,2011-03-30
Q,2017-08-29,2017-11-14,events,False,no_data,2017-08-29,2017-11-14
Q,2025-11-03,2026-09-22,events,False,no_data,2025-11-03,2026-09-22
QCOM,2010-01-01,2026-09-22,date_added,True,clamped,2010-01-04,2026-09-21
QEP,2010-06-30,2015-06-30,events,False,no_data,2010-06-30,2015-06-30
QRVO,2015-06-11,2024-12-22,events,True,ok,2015-06-11,2024-12-22
R,2010-01-01,2017-06-18,since_window_start,True,clamped,2010-01-04,2017-06-18
RAI,2010-01-01,2017-07-25,since_window_start,False,no_data,2010-01-01,2017-07-25
RCL,2014-12-05,2026-09-22,events,True,clamped,2014-12-05,2026-09-21
RDC,2010-01-01,2014-08-17,since_window_start,False,no_data,2010-01-01,2014-08-17
RDDT,2026-08-18,2026-09-22,events,True,clamped,2026-08-18,2026-09-21
REG,2017-03-02,2026-09-22,events,True,clamped,2017-03-02,2026-09-21
REGN,2013-04-30,2026-09-22,events,True,clamped,2013-04-30,2026-09-21
RF,2010-01-01,2026-09-22,date_added,True,clamped,2010-01-04,2026-09-21
RHI,2010-01-01,2024-06-23,since_window_start,True,clamped,2010-01-04,2024-06-23
RHT,2010-01-01,2019-07-14,since_window_start,False,no_data,2010-01-01,2019-07-14
RIG,2013-10-29,2017-07-25,events,True,ok,2013-10-29,2017-07-25
RJF,2017-03-20,2026-09-22,events,True,clamped,2017-03-20,2026-09-21
RL,2010-01-01,2026-09-22,date_added,True,clamped,2010-01-04,2026-09-21
RMD,2017-07-26,2026-09-22,events,True,clamped,2017-07-26,2026-09-21
ROK,2010-01-01,2026-09-22,date_added,True,clamped,2010-01-04,2026-09-21
ROL,2018-10-01,2026-09-22,events,True,clamped,2018-10-01,2026-09-21
ROP,2010-01-01,2026-09-22,date_added,True,clamped,2010-01-04,2026-09-21
ROST,2010-01-01,2026-09-22,events,True,clamped,2010-01-04,2026-09-21
RRC,2010-01-01,2018-06-17,events,True,clamped,2010-01-04,2018-06-17
RRD,2010-01-01,2012-12-10,since_window_start,False,no_data,2010-01-01,2012-12-10
RSG,2010-01-01,2026-09-22,date_added,True,clamped,2010-01-04,2026-09-21
RSH,2010-01-01,2011-06-29,since_window_start,False,no_data,2010-01-01,2011-06-29
RTN,2010-01-01,2020-04-05,since_window_start,False,no_data,2010-01-01,2020-04-05
RTX,2010-01-01,2026-09-22,date_added,True,clamped,2010-01-04,2026-09-21
RVTY,2010-01-01,2026-09-22,date_added,True,clamped,2010-01-04,2026-09-21
RX,2010-01-01,2010-02-25,since_window_start,False,no_data,2010-01-01,2010-02-25
S,2010-01-01,2013-07-07,since_window_start,False,ticker_reuse_or_late_data,2010-01-01,2013-07-07
SAI,2010-01-01,2013-09-19,events,False,no_data,2010-01-01,2013-09-19
SBAC,2017-09-01,2026-09-22,events,True,clamped,2017-09-01,2026-09-21
SBNY,2021-12-20,2023-03-14,events,False,ticker_reuse_or_late_data,2021-12-20,2023-03-14
SBUX,2010-01-01,2026-09-22,events,True,clamped,2010-01-04,2026-09-21
SCG,2010-01-01,2019-01-01,since_window_start,False,no_data,2010-01-01,2019-01-01
SCHW,2010-01-01,2026-09-22,date_added,True,clamped,2010-01-04,2026-09-21
SE,2010-01-01,2017-02-27,since_window_start,False,ticker_reuse_or_late_data,2010-01-01,2017-02-27
SEDG,2021-12-20,2023-12-17,events,True,ok,2021-12-20,2023-12-17
SEE,2010-01-01,2023-12-17,since_window_start,False,no_data,2010-01-01,2023-12-17
SHLD,2010-01-01,2012-09-04,since_window_start,False,ticker_reuse_or_late_data,2010-01-01,2012-09-04
SHW,2010-01-01,2026-09-22,date_added,True,clamped,2010-01-04,2026-09-21
SIAL,2010-01-01,2015-11-18,since_window_start,False,no_data,2010-01-01,2015-11-18
SIG,2015-07-29,2018-03-18,events,True,ok,2015-07-29,2018-03-18
SII,2010-01-01,2010-08-25,since_window_start,True,clamped,2010-02-25,2010-08-25
SIVB,2018-03-19,2023-03-14,events,False,no_data,2018-03-19,2023-03-14
SJM,2010-01-01,2026-09-22,date_added,True,clamped,2010-01-04,2026-09-21
SLB,2010-01-01,2026-09-22,date_added,True,clamped,2010-01-04,2026-09-21
SLE,2010-01-01,2012-06-28,since_window_start,False,ticker_reuse_or_late_data,2010-01-01,2012-06-28
SLG,2015-03-23,2021-03-21,events,True,ok,2015-03-23,2021-03-21
SLM,2010-01-01,2014-04-30,since_window_start,True,clamped,2010-01-04,2014-04-30
SMCI,2024-03-18,2026-09-22,events,True,clamped,2024-03-18,2026-09-21
SNA,2010-01-01,2026-09-22,date_added,True,clamped,2010-01-04,2026-09-21
SNDK,2010-01-01,2016-05-12,since_window_start,False,ticker_reuse_or_late_data,2010-01-01,2016-05-12
SNDK,2025-11-28,2026-09-22,events,True,clamped,2025-11-28,2026-09-21
SNI,2010-01-01,2018-03-06,since_window_start,False,no_data,2010-01-01,2018-03-06
SNPS,2017-03-16,2026-09-22,events,True,clamped,2017-03-16,2026-09-21
SO,2010-01-01,2026-09-22,date_added,True,clamped,2010-01-04,2026-09-21
SOLS,2025-10-30,2025-12-21,events,False,no_data,2025-10-30,2025-12-21
SOLV,2024-04-01,2026-09-22,events,True,clamped,2024-04-01,2026-09-21
SPG,2010-01-01,2026-09-22,date_added,True,clamped,2010-01-04,2026-09-21
SPGI,2010-01-01,2026-09-22,date_added,True,clamped,2010-01-04,2026-09-21
SPLS,2010-01-01,2017-09-17,since_window_start,False,no_data,2010-01-01,2017-09-17
SRCL,2010-01-01,2018-12-02,since_window_start,False,no_data,2010-01-01,2018-12-02
SRE,2017-03-17,2026-09-22,date_added,True,clamped,2017-03-17,2026-09-21
STE,2019-12-23,2026-09-22,events,True,clamped,2019-12-23,2026-09-21
STI,2010-01-01,2019-12-08,since_window_start,False,ticker_reuse_or_late_data,2010-01-01,2019-12-08
STJ,2010-01-01,2017-01-04,since_window_start,False,no_data,2010-01-01,2017-01-04
STLD,2022-12-22,2026-09-22,events,True,clamped,2022-12-22,2026-09-21
STR,2010-01-01,2010-06-29,since_window_start,False,no_data,2010-01-01,2010-06-29
STT,2010-01-01,2026-09-22,date_added,True,clamped,2010-01-04,2026-09-21
STX,2012-07-02,2026-09-22,events,True,clamped,2012-07-02,2026-09-21
STZ,2010-01-01,2026-09-22,events,True,clamped,2010-01-04,2026-09-21
SUN,2010-01-01,2012-10-09,since_window_start,False,ticker_reuse_or_late_data,2010-01-01,2012-10-09
SVU,2010-01-01,2012-04-22,since_window_start,False,no_data,2010-01-01,2012-04-22
SW,2024-07-08,2026-09-22,date_added,True,clamped,2024-07-08,2026-09-21
SWK,2010-01-01,2026-09-22,date_added,True,clamped,2010-01-04,2026-09-21
SWKS,2015-03-12,2026-09-22,events,True,clamped,2015-03-12,2026-09-21
SWN,2010-01-01,2017-04-03,since_window_start,False,no_data,2010-01-01,2017-04-03
SWY,2010-01-01,2015-01-26,since_window_start,False,no_data,2010-01-01,2015-01-26
SYF,2015-11-18,2026-09-22,events,True,clamped,2015-11-18,2026-09-21
SYK,2010-01-01,2026-09-22,date_added,True,clamped,2010-01-04,2026-09-21
SYY,2010-01-01,2026-09-22,date_added,True,clamped,2010-01-04,2026-09-21
T,2010-01-01,2026-09-22,readded,True,clamped,2010-01-04,2026-09-21
TAP,2010-01-01,2026-09-20,since_window_start,True,clamped,2010-01-04,2026-09-20
TDC,2010-01-01,2017-06-18,events,True,clamped,2010-01-04,2017-06-18
TDG,2016-06-03,2026-09-22,events,True,clamped,2016-06-03,2026-09-21
TDY,2020-06-22,2026-09-22,events,True,clamped,2020-06-22,2026-09-21
TE,2010-01-01,2016-06-30,since_window_start,False,ticker_reuse_or_late_data,2010-01-01,2016-06-30
TECH,2021-08-30,2026-09-22,events,True,clamped,2021-08-30,2026-09-21
TEG,2010-01-01,2015-06-30,since_window_start,False,no_data,2010-01-01,2015-06-30
TEL,2011-10-14,2026-09-22,events,True,clamped,2011-10-14,2026-09-21
TER,2010-01-01,2013-12-22,since_window_start,True,clamped,2010-01-04,2013-12-22
TER,2020-09-21,2026-09-22,events,True,clamped,2020-09-21,2026-09-21
TFC,2010-01-01,2026-09-22,date_added,True,clamped,2010-01-04,2026-09-21
TFX,2019-01-18,2025-03-23,events,True,ok,2019-01-18,2025-03-23
TGNA,2010-01-01,2017-06-01,since_window_start,False,no_data,2010-01-01,2017-06-01
TGT,2010-01-01,2026-09-22,date_added,True,clamped,2010-01-04,2026-09-21
THC,2010-01-01,2016-04-17,since_window_start,True,clamped,2010-01-04,2016-04-17
TIE,2010-01-01,2012-12-20,since_window_start,False,no_data,2010-01-01,2012-12-20
TIF,2010-01-01,2021-01-06,since_window_start,False,no_data,2010-01-01,2021-01-06
TJX,2010-01-01,2026-09-22,date_added,True,clamped,2010-01-04,2026-09-21
TKO,2025-03-24,2026-09-22,events,True,clamped,2025-03-24,2026-09-21
TLAB,2010-01-01,2011-12-19,since_window_start,False,no_data,2010-01-01,2011-12-19
TMO,2010-01-01,2026-09-22,date_added,True,clamped,2010-01-04,2026-09-21
TMUS,2019-07-15,2026-09-22,events,True,clamped,2019-07-15,2026-09-21
TPL,2024-11-26,2026-09-22,events,True,clamped,2024-11-26,2026-09-21
TPR,2010-01-01,2026-09-22,date_added,True,clamped,2010-01-04,2026-09-21
TRGP,2022-10-12,2026-09-22,events,True,clamped,2022-10-12,2026-09-21
TRIP,2011-12-20,2019-12-22,events,True,ok,2011-12-20,2019-12-22
TRMB,2021-01-21,2026-09-22,events,True,clamped,2021-01-21,2026-09-21
TROW,2019-07-29,2026-09-22,date_added,True,clamped,2019-07-29,2026-09-21
TRV,2010-01-01,2026-09-22,date_added,True,clamped,2010-01-04,2026-09-21
TSCO,2014-01-24,2026-09-22,events,True,clamped,2014-01-24,2026-09-21
TSLA,2020-12-21,2026-09-22,events,True,clamped,2020-12-21,2026-09-21
TSN,2010-01-01,2026-09-22,date_added,True,clamped,2010-01-04,2026-09-21
TSS,2010-01-01,2019-09-22,since_window_start,False,no_data,2010-01-01,2019-09-22
TT,2010-11-17,2026-09-22,date_added,True,clamped,2010-11-17,2026-09-21
TTD,2025-07-18,2026-09-20,events,True,ok,2025-07-18,2026-09-20
TTWO,2018-03-19,2026-09-22,events,True,clamped,2018-03-19,2026-09-21
TWC,2010-01-01,2016-05-17,since_window_start,False,no_data,2010-01-01,2016-05-17
TWTR,2018-06-07,2022-10-31,events,False,no_data,2018-06-07,2022-10-31
TWX,2010-01-01,2018-06-19,since_window_start,False,no_data,2010-01-01,2018-06-19
TXN,2010-01-01,2026-09-22,date_added,True,clamped,2010-01-04,2026-09-21
TXT,2010-01-01,2026-09-22,date_added,True,clamped,2010-01-04,2026-09-21
TYC,2010-08-26,2016-09-05,events,False,no_data,2010-08-26,2016-09-05
TYL,2020-06-22,2026-09-22,events,True,clamped,2020-06-22,2026-09-21
UA,2014-05-01,2022-06-20,events,True,clamped,2016-03-23,2022-06-20
UAA,2010-01-01,2022-06-20,since_window_start,True,clamped,2010-01-04,2022-06-20
UAL,2015-09-02,2026-09-22,events,True,clamped,2015-09-02,2026-09-21
UBER,2023-12-18,2026-09-22,events,True,clamped,2023-12-18,2026-09-21
UDR,2016-03-07,2026-09-22,events,True,clamped,2016-03-07,2026-09-21
UHS,2014-09-20,2026-09-22,events,True,clamped,2014-09-20,2026-09-21
ULTA,2016-04-18,2026-09-22,events,True,clamped,2016-04-18,2026-09-21
UNH,2010-01-01,2026-09-22,date_added,True,clamped,2010-01-04,2026-09-21
UNM,2010-01-01,2021-09-19,since_window_start,True,clamped,2010-01-04,2021-09-19
UNP,2010-01-01,2026-09-22,date_added,True,clamped,2010-01-04,2026-09-21
UPS,2010-01-01,2026-09-22,date_added,True,clamped,2010-01-04,2026-09-21
URBN,2010-01-01,2017-03-19,since_window_start,True,clamped,2010-01-04,2017-03-19
URI,2014-09-20,2026-09-22,events,True,clamped,2014-09-20,2026-09-21
USB,2010-01-01,2026-09-22,date_added,True,clamped,2010-01-04,2026-09-21
V,2010-01-01,2026-09-22,events,True,clamped,2010-01-04,2026-09-21
VAR,2010-01-01,2021-04-19,since_window_start,False,no_data,2010-01-01,2021-04-19
VEEV,2026-05-07,2026-09-22,events,True,clamped,2026-05-07,2026-09-21
VFC,2010-01-01,2024-04-02,since_window_start,True,clamped,2010-01-04,2024-04-02
VIAB,2010-01-01,2019-12-04,since_window_start,False,no_data,2010-01-01,2019-12-04
VICI,2022-06-08,2026-09-22,events,True,clamped,2022-06-08,2026-09-21
VLO,2010-01-01,2026-09-22,date_added,True,clamped,2010-01-04,2026-09-21
VLTO,2023-10-02,2026-09-22,events,True,clamped,2023-10-04,2026-09-21
VMC,2010-01-01,2026-09-22,date_added,True,clamped,2010-01-04,2026-09-21
VMRK,2010-01-01,2026-09-22,date_added,True,clamped,2010-01-04,2026-09-21
VNO,2010-01-01,2023-01-04,since_window_start,True,clamped,2010-01-04,2023-01-04
VNT,2020-10-09,2021-03-21,events,True,ok,2020-10-09,2021-03-21
VRSK,2015-10-07,2026-09-22,events,True,clamped,2015-10-07,2026-09-21
VRSN,2010-01-01,2026-09-22,date_added,True,clamped,2010-01-04,2026-09-21
VRT,2026-03-23,2026-09-22,events,True,clamped,2026-03-23,2026-09-21
VRTX,2013-09-20,2026-09-22,events,True,clamped,2013-09-20,2026-09-21
VST,2024-05-08,2026-09-22,events,True,clamped,2024-05-08,2026-09-21
VTR,2010-01-01,2026-09-22,events,True,clamped,2010-01-04,2026-09-21
VTRS,2010-01-01,2026-09-22,date_added,True,clamped,2010-01-04,2026-09-21
VZ,2010-01-01,2026-09-22,date_added,True,clamped,2010-01-04,2026-09-21
WAB,2019-02-27,2026-09-22,events,True,clamped,2019-02-27,2026-09-21
WAT,2010-01-01,2026-09-22,date_added,True,clamped,2010-01-04,2026-09-21
WBA,2010-01-01,2025-08-27,since_window_start,False,no_data,2010-01-01,2025-08-27
WBD,2022-04-11,2026-09-22,events,True,clamped,2022-04-11,2026-09-21
WCG,2018-09-14,2020-01-27,events,False,no_data,2018-09-14,2020-01-27
WDAY,2024-12-23,2026-09-22,events,True,clamped,2024-12-23,2026-09-21
WDC,2010-01-01,2026-09-22,date_added,True,clamped,2010-01-04,2026-09-21
WEC,2010-01-01,2026-09-22,date_added,True,clamped,2010-01-04,2026-09-21
WELL,2010-01-01,2026-09-22,date_added,True,clamped,2010-01-04,2026-09-21
WFC,2010-01-01,2026-09-22,date_added,True,clamped,2010-01-04,2026-09-21
WFM,2010-01-01,2017-08-28,since_window_start,False,no_data,2010-01-01,2017-08-28
WFR,2010-01-01,2011-12-15,since_window_start,False,no_data,2010-01-01,2011-12-15
WHR,2010-01-01,2024-03-17,since_window_start,True,clamped,2010-01-04,2024-03-17
WIN,2010-01-01,2015-04-06,since_window_start,False,no_data,2010-01-01,2015-04-06
WLTW,2016-01-05,2022-01-09,events,False,no_data,2016-01-05,2022-01-09
WM,2010-01-01,2026-09-22,date_added,True,clamped,2010-01-04,2026-09-21
WMB,2010-01-01,2026-09-22,date_added,True,clamped,2010-01-04,2026-09-21
WMT,2010-01-01,2026-09-22,date_added,True,clamped,2010-01-04,2026-09-21
WPX,2011-12-31,2014-03-20,events,False,no_data,2011-12-31,2014-03-20
WRB,2019-12-05,2026-09-22,events,True,clamped,2019-12-05,2026-09-21
WSM,2025-03-24,2026-09-22,events,True,clamped,2025-03-24,2026-09-21
WST,2020-05-22,2026-09-22,events,True,clamped,2020-05-22,2026-09-21
WTW,2022-01-10,2026-09-22,events,True,clamped,2022-01-10,2026-09-21
WU,2010-01-01,2021-12-19,since_window_start,True,clamped,2010-01-04,2021-12-19
WY,2010-01-01,2026-09-22,date_added,True,clamped,2010-01-04,2026-09-21
WYN,2010-01-01,2018-05-30,since_window_start,False,no_data,2010-01-01,2018-05-30
WYNN,2010-01-01,2026-09-22,date_added,True,clamped,2010-01-04,2026-09-21
X,2010-01-01,2014-07-01,since_window_start,False,no_data,2010-01-01,2014-07-01
XEC,2014-06-20,2020-03-01,events,False,no_data,2014-06-20,2020-03-01
XEL,2010-01-01,2026-09-22,date_added,True,clamped,2010-01-04,2026-09-21
XL,2010-01-01,2018-09-13,since_window_start,False,no_data,2010-01-01,2018-09-13
XLNX,2010-01-01,2022-02-14,since_window_start,False,no_data,2010-01-01,2022-02-14
XOM,2010-01-01,2026-09-22,date_added,True,clamped,2010-01-04,2026-09-21
XRAY,2010-01-01,2024-04-02,since_window_start,True,clamped,2010-01-04,2024-04-02
XRX,2010-01-01,2021-03-21,since_window_start,True,clamped,2010-01-04,2021-03-21
XTO,2010-01-01,2010-06-27,since_window_start,False,no_data,2010-01-01,2010-06-27
XYL,2011-10-31,2026-09-22,events,True,clamped,2011-10-31,2026-09-21
XYZ,2025-07-23,2026-09-22,events,True,clamped,2025-07-23,2026-09-21
YHOO,2010-01-01,2017-06-18,events,False,no_data,2010-01-01,2017-06-18
YUM,2010-01-01,2026-09-22,date_added,True,clamped,2010-01-04,2026-09-21
ZBH,2010-01-01,2026-09-22,date_added,True,clamped,2010-01-04,2026-09-21
ZBRA,2019-12-23,2026-09-22,events,True,clamped,2019-12-23,2026-09-21
ZION,2010-01-01,2024-03-17,since_window_start,True,clamped,2010-01-04,2024-03-17
ZTS,2013-06-21,2026-09-22,events,True,clamped,2013-06-21,2026-09-21
